comment,genre
Các diễn viên biểu diễn hài hước và tự nhiên.,Hài hước
Các diễn viên biểu diễn một cách hài hước và tự nhiên.,Hài hước
Các diễn viên đã tạo nên những pha hài rất đặc biệt.,Hài hước
Các diễn viên đã thể hiện tài năng hài hước đáng kinh ngạc.,Hài hước
Các màn diễn xuất trong phim đều xuất sắc và hài hước.,Hài hước
Các màn diễn xuất trong phim rất hài hước.,Hài hước
Các nhân vật có tính cách hài hước và độc đáo.,Hài hước
Các nhân vật trong phim có tính cách độc đáo và hài hước.,Hài hước
Các tình huống độc đáo và hài hước trong phim.,Hài hước
Các tình huống hài hước đầy bất ngờ.,Hài hước
Các tình huống hài trong phim đều rất sáng tạo.,Hài hước
Các tình huống hài trong phim thực sự rất sáng tạo.,Hài hước
Cảm ơn các diễn viên đã mang lại niềm vui cho chúng tôi!,Hài hước
Cực kỳ hài hước và giải trí.,Hài hước
Cười đau cả bụng!,Hài hước
Cười đến chảy nước mắt!,Hài hước
Cười không hết với những tình huống trong phim.,Hài hước
Cười không ngừng!,Hài hước
Cười nghiêng ngả với bộ phim này.,Hài hước
Cười suốt bộ phim!,Hài hước
Cười suốt từ đầu đến cuối.,Hài hước
Chắc chắn sẽ chia sẻ về phim này với bạn bè.,Hài hước
Chắc chắn sẽ giúp bạn thư giãn và cười thoải mái.,Hài hước
Chắc chắn sẽ xem lại lần nữa.,Hài hước
Chắc chắn sẽ xem lại.,Hài hước
Diễn viên chơi hài rất tự nhiên và duyên dáng.,Hài hước
Diễn viên diễn xuất tuyệt vời.,Hài hước
Diễn xuất của các diễn viên rất duyên dáng và hài hước.,Hài hước
Đáng để dành thời gian xem.,Hài hước
Đánh giá 10/10!,Hài hước
Đây là một bộ phim tạo nên những khoảnh khắc vui vẻ.,Hài hước
Đề nghị cho tất cả mọi người xem phim này.,Hài hước
Hài hước là điểm đặc biệt của phim này.,Hài hước
Hãy xem phim này và bạn sẽ biết tại sao tôi yêu nó.,Hài hước
Hãy xem và bạn sẽ biết tại sao nó lại nổi tiếng.,Hài hước
Hãy xem và bạn sẽ biết tại sao tôi yêu nó.,Hài hước
Hãy xem và bạn sẽ không hối hận!,Hài hước
Hãy xem và bạn sẽ không thất vọng!,Hài hước
Hãy xem và bạn sẽ không thất vọng.,Hài hước
Kịch bản thông minh và hài hước.,Hài hước
Không gì tốt hơn một bộ phim hài để làm sáng tỏ tâm trạng.,Hài hước
Không thể đếch nào tốt hơn!,Hài hước
Không thể nào bỏ lỡ bộ phim này.,Hài hước
Không thể nào bỏ lỡ phim này.,Hài hước
Không thể nào không yêu thích tình huống hài trong phim.,Hài hước
Không thể nào nói hết được tình huống hài hước trong phim.,Hài hước
Không thể nào nói hết về sự tuyệt vời của phim này.,Hài hước
Không thể nào quên được bộ phim này.,Hài hước
Không thể nào quên được những pha hài trong phim này.,Hài hước
Không thể nói đủ về sự hài hước của phim này.,Hài hước
Không thể nói đủ về sự vui vẻ của phim này.,Hài hước
Không thể nói nổi tôi đã cười như thế nào.,Hài hước
Không thể nhịn cười với phim này!,Hài hước
Không thể tin được có nhiều tình huống hài hước độc đáo như vậy.,Hài hước
Không thể tin nổi mình có thể cười như vậy.,Hài hước
Mỗi tình huống trong phim đều khiến tôi cười vỡ bụng.,Hài hước
Mỗi tình tiết đều mang lại tiếng cười phấn khích.,Hài hước
Một bộ phim đáng xem nếu bạn muốn tìm kiếm niềm vui trong cuộc sống.,Hài hước
Một bộ phim đáng xem nếu bạn muốn thư giãn và cười thoải mái.,Hài hước
Một bộ phim đáng xem nếu bạn muốn thư giãn và cười.,Hài hước
Một bộ phim giải trí tuyệt vời với nhiều tình huống hài hước.,Hài hước
Một bộ phim hài kinh điển.,Hài hước
Một bộ phim hài rất đáng xem!,Hài hước
Một bộ phim hài tuyệt vời cho mọi người.,Hài hước
Một bộ phim hài tuyệt vời với diễn xuất xuất sắc.,Hài hước
Một bộ phim hài tuyệt vời với nhiều tình huống hài hước và bất ngờ.,Hài hước
Một bộ phim hài tuyệt vời với những tình huống hài hước độc đáo.,Hài hước
Một bộ phim hài tuyệt vời với những tình huống hài hước không thể đoán trước.,Hài hước
Một bộ phim hài thú vị và hài hước.,Hài hước
Một bộ phim vui nhộn không thể bỏ qua.,Hài hước
Một phim hài ấn tượng.,Hài hước
Một phim hài đáng xem lặp đi lặp lại.,Hài hước
Một phim hài đáng xem với nhiều tình huống hài hước độc đáo.,Hài hước
Một phim hài không thể bỏ lỡ.,Hài hước
Một phim hài tuyệt vời với những tình huống hài hước vô cùng sáng tạo.,Hài hước
Một phim hài thú vị và đầy tiếng cười.,Hài hước
Một phim hài xuất sắc khó tìm thấy.,Hài hước
Một tác phẩm vui nhộn không thể bỏ qua.,Hài hước
Một tuyệt phẩm trong thể loại phim hài.,Hài hước
Một trải nghiệm hài hước đáng nhớ.,Hài hước
Một trải nghiệm tuyệt vời!,Hài hước
Một trong những bộ phim hài tốt nhất mà tôi từng xem.,Hài hước
Một trong những phim hài tốt nhất mọi thời đại.,Hài hước
"Nếu bạn cần một cười, đừng bỏ lỡ phim này!",Hài hước
"Nếu bạn muốn cười, hãy xem phim này!",Hài hước
"Nếu bạn muốn giải trí, đây là lựa chọn hoàn hảo.",Hài hước
"Nếu bạn muốn một buổi tối vui vẻ, đây là phim dành cho bạn.",Hài hước
Ở đây có nhiều pha hài hước thú vị.,Hài hước
Phim có khả năng khiến bạn cười không ngừng.,Hài hước
Phim có một cốt truyện hài hước và lôi cuốn.,Hài hước
Phim có nụ cười phủ khắp từ đầu đến cuối.,Hài hước
Phim có nhiều tình huống hài hước độc đáo.,Hài hước
Phim có những pha hài độc đáo và không thể đoán trước.,Hài hước
Phim có những tình huống hài độc đáo và sáng tạo.,Hài hước
Phim có những tình huống hài hước độc đáo và bất ngờ.,Hài hước
Phim đã gây ra sự phấn khích và tiếng cười không ngừng.,Hài hước
Phim đã khiến tôi cười đến nước mắt.,Hài hước
Phim đã khiến tôi cười không ngừng.,Hài hước
Phim đã khiến tôi cười sảng khoái và hạnh phúc.,Hài hước
Phim đã khiến tôi cười suốt thời gian xem.,Hài hước
Phim đã làm tôi cười đến nước mắt.,Hài hước
Phim đã làm tôi cười nhiều hơn bất kỳ bộ phim nào tôi từng xem.,Hài hước
Phim đã làm tôi cười nhiều hơn bất kỳ phim hài nào tôi đã xem.,Hài hước
Phim đã làm tôi cười nhiều hơn bất kỳphim hài nào tôi đã xem.,Hài hước
Phim đã làm tôi cười suốt thời gian xem.,Hài hước
Phim đã mang đến tiếng cười và niềm vui cho mọi người.,Hài hước
Phim đã mang đến tiếng cười và sự thư giãn cho tôi.,Hài hước
Phim đã tạo ra một không gian thú vị và hài hước.,Hài hước
Phim đáng xem nếu bạn muốn có một trái tim vui vẻ và thoải mái.,Hài hước
Phim đáng xem nếu bạn muốn thư giãn và có được một trái tim vui vẻ.,Hài hước
Phim đem lại tiếng cười sảng khoái từ đầu đến cuối.,Hài hước
Phim đem lại tiếng cười sảng khoái và thú vị.,Hài hước
Phim đưa tôi vào một thế giới hài hước.,Hài hước
Phim hài đặc sắc!,Hài hước
Phim hài đỉnh cao của năm.,Hài hước
Phim hài đỉnh cao!,Hài hước
Phim hài đỉnh điểm!,Hài hước
Phim hài hoàn hảo cho buổi tối cuối tuần.,Hài hước
Phim hài hoàn hảo cho cả gia đình.,Hài hước
Phim hài hoàn hảo cho cuối tuần.,Hài hước
Phim hài hoàn hảo cho mọi lứa tuổi.,Hài hước
Phim hài này chắc chắn sẽ làm bạn thư giãn.,Hài hước
Phim hài này đúng là món quà cho người hâm mộ.,Hài hước
Phim hài này xứng đáng được ngợi khen.,Hài hước
Phim hài này xứng đáng được xem.,Hài hước
Phim hài số 1!,Hài hước
Phim hài tận cùng!,Hài hước
Phim hài tốt nhất mà tôi từng thấy.,Hài hước
Phim hài tốt nhất mà tôi từng xem!,Hài hước
"Phim hài tuyệt vời, đúng là đáng xem.",Hài hước
"Phim hài tuyệt vời, không nên bỏ lỡ!",Hài hước
Phim hài xuất sắc!,Hài hước
Phim là một tác phẩm hài giải trí hoàn hảo.,Hài hước
Phim là một tác phẩm hài tuyệt vời và đáng xem.,Hài hước
Phim là một tác phẩm hài tuyệt vời.,Hài hước
Phim mang đến cho tôi niềm vui và tiếng cười.,Hài hước
Phim mang đến cho tôi nhiều tiếng cười và niềm vui.,Hài hước
Phim mang đến niềm vui và sự thư giãn cho khán giả.,Hài hước
Phim mang đến niềm vui và sự thư giãn.,Hài hước
Phim mang lại cảm giác vui vẻ và hài lòng.,Hài hước
Phim mang lại cho tôi nụ cười sảng khoái.,Hài hước
Phim mang lại cho tôi nụ cười suốt quãng thời gian xem.,Hài hước
Phim mang lại cho tôi nụ cười và niềm vui.,Hài hước
Phim mang lại cho tôi những giây phút thư giãn và vui vẻ.,Hài hước
Phim mang lại cho tôi những giây phút thư giãn.,Hài hước
Phim mang lại niềm vui và cười cho khán giả.,Hài hước
Phim mangđến tiếng cười phấn khích và không thể đoán trước được.,Hài hước
Phim này đáng để xem nhiều lần.,Hài hước
Phim này là một báu vật hài hước.,Hài hước
Phim này là một tác phẩm hài hước tuyệt vời.,Hài hước
Phim này làm tôi cười thả ga!,Hài hước
Phim này quá hài hước!,Hài hước
Phim này thật sự vui nhộn!,Hài hước
Phim này thực sự làm tôi phải cười lăn lộn.,Hài hước
Phim này thực sự làm tôi phát cuồng với tiếng cười.,Hài hước
Phim rất hài hước.,Hài hước
Phim tạo ra một không gian thú vị và hài hước.,Hài hước
Phim tạo ra một không khí vui vẻ và thoải mái.,Hài hước
Phim thực sự hài hước và giải trí.,Hài hước
Phim thực sự là một tác phẩm hài giải trí.,Hài hước
Phim thực sự là một tác phẩm hài tuyệt vời.,Hài hước
Phim thực sự là một tuyệt phẩm hài hước.,Hài hước
Phim vui nhộn và sảng khoái.,Hài hước
Tình huống hài hước trong phim rất độc đáo.,Hài hước
Tình huống hài hước trong phim vô cùng sáng tạo.,Hài hước
Tình tiết phim đầy bất ngờ và hài hước.,Hài hước
Tôi cười đau bụng khi xem phim này!,Hài hước
Tôi cười nghiêng ngả từ đầu đến cuối.,Hài hước
Tôi cười suốt phim.,Hài hước
Tôi chưa bao giờ thấy mình cười nhiều đến vậy.,Hài hước
Tôi đã có một buổi chiếu phim thú vị và đầy tiếng cười.,Hài hước
Tôi đã có một buổi tối vui vẻ với phim này.,Hài hước
Tôi đã có một buổi xem phim thú vị và đáng nhớ.,Hài hước
Tôi đã có một buổi xem phim thú vị và hài hước.,Hài hước
Tôi đã có một buổi xem phim thú vị và vui vẻ.,Hài hước
Tôi đã có một trải nghiệm cười đáng nhớ với phim này.,Hài hước
Tôi đã có một trải nghiệm xem phim tuyệt vời và thú vị.,Hài hước
Tôi đã có một trải nghiệm xem phim thú vị và hài hước.,Hài hước
Tôi đã có một trải nghiệm xem phim thú vị và sảng khoái.,Hài hước
Tôi đã có một trải nghiệm xem phim thú vị và thú vị.,Hài hước
Tôi đã có một trải nghiệm xem phim vui nhộn và hài hước.,Hài hước
Tôi đã có một trải nghiệm xem phim vui nhộn và sảng khoái.,Hài hước
Tôi đã có những cảnh giật mình cười trong suốt phim.,Hài hước
Tôi đã có những pha cười sảng khoái khi xem phim.,Hài hước
Tôi đã có những pha cười sảng khoái và thú vị khi xem phim.,Hài hước
Tôi đã cười đau bụng khi xem phim này.,Hài hước
Tôi đã cười đến nước mắt khi xem phim này.,Hài hước
Tôi đã cười đến nước mắt với phim này.,Hài hước
Tôi đã cười đến sảng khoái khi xem phim này.,Hài hước
Tôi đã cười nghiêng ngả từng phút.,Hài hước
Tôi đã cười nhiều như chưa từng cười trước khi xem phim này.,Hài hước
Tôi đã cười như một con điên khi xem phim này.,Hài hước
Tôi đã cười suốt từ đầu đến cuối phim.,Hài hước
Tôi đã gặp một bộ phim hài tốt như thế này.,Hài hước
Tôi đã gặp một bộ phim hài xuất sắc như thế này.,Hài hước
Tôi đã gặp một khoản thời gian tuyệt vời xem phim này.,Hài hước
Tôi đã gặp một khoản thời gian vui vẻ xem phim này.,Hài hước
Tôi đã gặp một phim hài xuất sắc!,Hài hước
"Tôi đã kháng cự, nhưng không thể giữ lại nụ cười.",Hài hước
Tôi đã không ngừng cười suốt phim.,Hài hước
Tôi đã không ngừng cười suốt từ đầu đến cuối phim.,Hài hước
Tôi đã không thể ngừng cười khi xem phim này.,Hài hước
Tôi đã không thể ngừng cười với những tình huống trong phim.,Hài hước
Tôi đã không thể ngừng cười với phim này.,Hài hước
Tôi đã không thể nhịn cười khi xem phim này.,Hài hước
Tôi đã nghiêng ngả cười khi xem phim này.,Hài hước
Tôi đã thấy được phần tốt nhất của cuộc sống qua phim này: cười.,Hài hước
Tôi đã xem lại nhiều lần và vẫn cười như lần đầu.,Hài hước
Tôi đã xem nó một lần và lại muốn xem thêm lần nữa.,Hài hước
Tôi đã xem nó nhiều lần và vẫn cười như lần đầu.,Hài hước
Tôi đã xem phim này hàng chục lần và vẫn cười mỗi lần.,Hài hước
Tôi không thể đợi để chia sẻ về phim này với bạn bè.,Hài hước
Tôi không thể kiểm soát được cười khi xem phim.,Hài hước
Tôi không thể kìm được cười với những pha hài trong phim.,Hài hước
Tôi không thể kìm được cười với phim này.,Hài hước
Tôi không thể ngừng cười suốt thời gian xem phim.,Hài hước
Tôi không thể nhịn cười khi xem phim này.,Hài hước
Tôi muốn cười mãi mãi với bộ phim này.,Hài hước
Tôi muốn gửi lời cảm ơn đến những người làm ra bộ phim này.,Hài hước
Tôi rất thích cách hài hước của phim.,Hài hước
Tôi rất thích phong cách hài hước của phim.,Hài hước
Tôi sẽ xem lại phim này để cười nữa.,Hài hước
Tôi thật sự đã thưởng thức mỗi phút xem phim này.,Hài hước
Tôi thích cách hài hước thông qua ngôn ngữ hài trong phim.,Hài hước
Tôi yêu mọi tình huống hài trong phim này.,Hài hước
Tôi yêu những tình huống hài trong phim này.,Hài hước
Tôi yêu phim hài này!,Hài hước
Tốt đến mức không thể tưởng tượng được.,Hài hước
Tuyệt vời không thể tả!,Hài hước
Tuyệt vời từ đầu đến cuối.,Hài hước
Tuyệt vời! Tôi đã có một buổi xem phim vui vẻ và thú vị.,Hài hước
Thú vị và hài hước đến từng chi tiết.,Hài hước
Thú vị và hài hước đến từng phút.,Hài hước
