7500,Hành động
Ala Vaikunthapurramuloo,Hành động
Archenemy,Hành động
Asuraguru,Hành động
Aswathama,Hành động
Attack,Hành động
Ava,Hành động
Bad Boys for Life,Hành động
Bamfaad,Hành động
Bheeshma,Hành động
Birds of Prey,Hành động
Bloodshot,Hành động
Chick Fight,Hành động
Coffee & Kareem,Hành động
Cut Throat City,Hành động
Dead Reckoning,Hành động
Deliver Us from Evil,Hành động
Disco Raja,Hành động
Earth and Blood,Hành động
Enter the Fat Dragon,Hành động
Extraction,Hành động
Fatale,Hành động
Fatman,Hành động
Force of Nature,Hành động
The Gentlemen,Hành động
Ghosts of War,Hành động
Greyhound,Hành động
Guns Akimbo,Hành động
Guns of Banaras,Hành động
Hitman: Agent Jun,Hành động
Honest Thief,Hành động
I Am Vengeance: Retaliation,Hành động
Jiu Jitsu,Hành động
Justice League Dark: Apokolips War,Hành động
The Last Days of American Crime,Hành động
Love and Monsters,Hành động
Mafia: Chapter 1,Hành động
Malang,Hành động
Monster Hunter,Hành động
Mortal Kombat Legends: Scorpion's Revenge,Hành động
Mulan,Hành động
My Spy,Hành động
The Old Guard,Hành động
Palasa 1978,Hành động
Pasal Kau!,Hành động
Peninsula,Hành động
Project Power,Hành động
The Rhythm Section,Hành động
Rogue,Hành động
Sarileru Neekevvaru,Hành động
Shivarjuna,Hành động
Sniper: Assassin's End,Hành động
Sonic the Hedgehog,Hành động
Spenser Confidential,Hành động
Survive the Night,Hành động
Superintelligence,Hành động
Superman: Man of Tomorrow,Hành động
Superman: Red Son,Hành động
The Swordsman,Hành động
Tanhaji,Hành động
The Tax Collector,Hành động
Tenet,Hành động
V,Hành động
Vanguard,Hành động
We Can Be Heroes,Hành động
Wonder Woman 1984,Hành động
Aaraattu,Hành động
Alludu Adhurs,Hành động
Army of the Dead,Hành động
Army of Thieves,Hành động
Batman: Soul of the Dragon,Hành động
Batman: The Long Halloween,Hành động
Bhuj: The Pride of India,Hành động
Black Widow,Hành động
Boss Level,Hành động
Bright: Samurai Soul,Hành động
Copshop,Hành động
Dangerous,Hành động
Eternals,Hành động
F9,Hành động
The Forever Purge,Hành động
Free Guy,Hành động
Godzilla vs. Kong,Hành động
Gunpowder Milkshake,Hành động
The Hitman's Wife's Bodyguard,Hành động
The Ice Road,Hành động
Infinite,Hành động
Jolt,Hành động
Jungle Cruise,Hành động
Justice Society: World War II,Hành động
K.G.F: Chapter 2,Hành động
Kate,Hành động
The King's Man,Hành động
Krack,Hành động
The Last Mercenary,Hành động
Major Grom: Plague Doctor,Hành động
The Marksman,Hành động
Master,Hành động
The Matrix Resurrections,Hành động
Mortal Kombat,Hành động
No Time to Die,Hành động
Nobody,Hành động
The ProtÃ©gÃ©,Hành động
Raging Fire,Hành động
Ram,Hành động
Raya and the Last Dragon,Hành động
Red,Hành động
Red Notice,Hành động
RRR,Hành động
Satyameva Jayate 2,Hành động
Sheenogai,Hành động
Shang-Chi and the Legend of the Ten Rings,Hành động
Snake Eyes,Hành động
Spider-Man: No Way Home,Hành động
The Suicide Squad,Hành động
Sweet Girl,Hành động
Thunder Force,Hành động
The Tomorrow War,Hành động
Vanquish,Hành động
Venom: Let There Be Carnage,Hành động
Wild Dog,Hành động
Without Remorse,Hành động
Wrath of Man,Hành động
Zack Snyder's Justice League,Hành động
The 355,Hành động
All Quiet on the Western Front,Hành động
Ambulance,Hành động
Avatar: The Way of Water,Hành động
The Batman,Hành động
Beast,Hành động
Black Adam,Hành động
Black Panther: Wakanda Forever,Hành động
BrahmÄstra,Hành động
Bullet Train,Hành động
Catwoman: Hunted,Hành động
A Day to Die,Hành động
Day Shift,Hành động
Doctor Strange in the Multiverse of Madness,Hành động
The Gray Man,Hành động
Jurassic World Dominion,Hành động
The Lost City,Hành động
The Man from Toronto,Hành động
Morbius,Hành động
Salaar,Hành động
Samaritan,Hành động
Secret Headquarters,Hành động
Sisu,Hành động
Sonic the Hedgehog 2,Hành động
Thor: Love and Thunder,Hành động
Top Gun: Maverick,Hành động
Uncharted,Hành động
Violent Night,Hành động
65,Hành động
Ant-Man and the Wasp: Quantumania,Hành động
Aquaman and the Lost Kingdom,Hành động
Blue Beetle,Hành động
Dungeons & Dragons: Honor Among Thieves,Hành động
The Equalizer 3,Hành động
Fast X,Hành động
The Flash,Hành động
Guardians of the Galaxy Vol. 3,Hành động
Heart of Stone,Hành động
Indiana Jones and the Dial of Destiny,Hành động
John Wick: Chapter 4,Hành động
The Killer,Hành động
Kraven the Hunter,Hành động
The Marvels,Hành động
Meg 2: The Trench,Hành động
Mission: Impossible â€“ Dead Reckoning Part One,Hành động
Red One,Hành động
Shazam! Fury of the Gods,Hành động
Shotgun Wedding,Hành động
Spider-Man: Across the Spider-Verse,Hành động
Teenage Mutant Ninja Turtles: Mutant Mayhem,Hành động
Transformers: Rise of the Beasts,Hành động
Ballerina,Hành động
Captain America: Brave New World,Hành động
City Hunter,Hành động
Deadpool 3,Hành động
Despicable Me 4,Hành động
The Fall Guy,Hành động
Furiosa,Hành động
Godzilla x Kong: The New Empire,Hành động
Kung Fu Panda 4,Hành động
Mission: Impossible â€“ Dead Reckoning Part Two,Hành động
Sonic the Hedgehog 3,Hành động
Spider-Man: Beyond the Spider-Verse,Hành động
Thunderbolts,Hành động
Blade,Hành động
Fantastic Four,Hành động
Superman: Legacy,Hành động
The Batman: Part 2,Hành động
The Expendables 5,Hành động
Untitled eleventh Fast & Furious film,Hành động
Avatar 4,Hành động
Avengers: The Kang Dynasty,Hành động
Avengers: Secret Wars,Hành động
Avatar 5,Hành động
Virtua Fighter,Hành động
10 Things I Hate About You,Tình cảm
After ,Tình cảm
500 Days of Summer,Tình cảm
Aashiqui,Tình cảm
Aashiqui 2,Tình cảm
About Time,Tình cảm
Across the Universe,Tình cảm
An Affair to Remember,Tình cảm
The Age of Adaline,Tình cảm
The Age of Innocence,Tình cảm
All That Heaven Allows,Tình cảm
Amelie,Tình cảm
Angel Eyes,Tình cảm
Annie Hall,Tình cảm
An Officer and a Gentleman,Tình cảm
The Anonymous Venetian,Tình cảm
The Artist,Tình cảm
At Cafe 6,Tình cảm
Autumn in New York,Tình cảm
Band Baaja Baaraat,Tình cảm
Be Together,Tình cảm
Beautiful Thing,Tình cảm
Beauty and the Beast,Tình cảm
Before Midnight,Tình cảm
Before Sunrise,Tình cảm
Before Sunset,Tình cảm
The Beloved,Tình cảm
The Best of Me,Tình cảm
Beyond Borders,Tình cảm
Beyond the Lights,Tình cảm
Big Red Envelope,Tình cảm
Bitter Love,Tình cảm
Blue is the Warmest Colour,Tình cảm
Blue Valentine,Tình cảm
Blood Ransom,Tình cảm
Bobby,Tình cảm
Bounce,Tình cảm
The Break-up Season,Tình cảm
Breakfast at Tiffany's,Tình cảm
The Bridges of Madison County,Tình cảm
Brief Encounter,Tình cảm
Brokeback Mountain,Tình cảm
Call Me by Your Name (film),Tình cảm
Camille,Tình cảm
Casablanca,Tình cảm
Charlie St. Cloud,Tình cảm
Chandani,Tình cảm
Cherish in Love,Tình cảm
The Choice,Tình cảm
City Lights,Tình cảm
City of Angels,Tình cảm
Close Range Love,Tình cảm
Closer,Tình cảm
Crazy Rich Asians,Tình cảm
Dawn Break Up,Tình cảm
Dear John,Tình cảm
Devdas,Tình cảm
Different from the Others,Tình cảm
Dil Se..,Tình cảm
Dil To Pagal Hai,Tình cảm
Dilwale Dulhania Le Jayenge,Tình cảm
Dirty Dancing,Tình cảm
Dirty Dancing: Havana Nights,Tình cảm
Doctor Zhivago,Tình cảm
Dying Young,Tình cảm
The Earrings of Madame de...,Tình cảm
Edward Scissorhands,Tình cảm
Elemental,Tình cảm
Endless Love,Tình cảm
Endless Love,Tình cảm
The Eighth House,Tình cảm
Embrace Again,Tình cảm
The English Patient,Tình cảm
Eternal Sunshine of the Spotless Mind,Tình cảm
Ex Fighting,Tình cảm
Fall in Love Like a Star,Tình cảm
Falling In Love,Tình cảm
Fanaa,Tình cảm
The Fault in Our Stars,Tình cảm
Fifty Shades of Grey,Tình cảm
Five Minutes to Tomorrow,Tình cảm
Fleet of Time,Tình cảm
Flower's Curse,Tình cảm
Forever Love,Tình cảm
Forever Young,Tình cảm
Forget All Remember,Tình cảm
Friends with Benefits,Tình cảm
From Prada to Nada 2011,Tình cảm
Fitoor,Tình cảm
Five Feet Apart,Tình cảm
The Glass Mountain,Tình cảm
Gone with the Wind,Tình cảm
The Goodbye Girl,Tình cảm
Griffin and Phoenix,Tình cảm
Griffin & Phoenix,Tình cảm
Hanamizuki,Tình cảm
Here on Earth (film),Tình cảm
Holiday,Tình cảm
Hello,Tình cảm
Hum Dil De Chuke Sanam,Tình cảm
I Just Wanna Hug You,Tình cảm
If I Stay,Tình cảm
If Only,Tình cảm
The Illusionist,Tình cảm
In the Mood for Love,Tình cảm
In Your Eyes,Tình cảm
Initiation Love,Tình cảm
Interlude,Tình cảm
The Jane Austen Book Club,Tình cảm
Jab We Met,Tình cảm
Kate & Leopold,Tình cảm
The King of San Gregorio,Tình cảm
Kites,Tình cảm
The Lake House,Tình cảm
La La Land,Tình cảm
Last Chance Harvey,Tình cảm
The Last Song,Tình cảm
Last Tango in Paris,Tình cảm
The Lead Singer and Dancer and His Woman,Tình cảm
L'Eclisse,Tình cảm
Let's Get Married,Tình cảm
Letter from an Unknown Woman,Tình cảm
Letters to Juliet,Tình cảm
The Longest Ride,Tình cảm
Love,Tình cảm
Love & Basketball,Tình cảm
Love & Other Drugs,Tình cảm
Love Exposure,Tình cảm
Love Happens,Tình cảm
Love O2O (2016),Tình cảm
Love on the Cloud,Tình cảm
Love Actually,Tình cảm
Love Story,Tình cảm
Love's Whirlpool,Tình cảm
Lovestruck,Tình cảm
The Lucky One,Tình cảm
Mad Love,Tình cảm
Man's Way with Women,Tình cảm
Manhattan,Tình cảm
Meet Joe Black,Tình cảm
Message in a Bottle,Tình cảm
Midnight In Paris,Tình cảm
"""Moh""",Tình cảm
Mr. & Mrs. Smith,Tình cảm
Mughal-e-Azam,Tình cảm
Murmur of the Hearts,Tình cảm
My Hawaiian Discovery,Tình cảm
My Man,Tình cảm
My Sassy Girl,Tình cảm
Mungaru Male,Tình cảm
Nana to Kaoru,Tình cảm
Nana to Kaoru: Chapter 2,Tình cảm
Never Gone,Tình cảm
Never Said Goodbye,Tình cảm
Nights in Rodanthe,Tình cảm
No Strings Attached,Tình cảm
The Notebook,Tình cảm
Notting Hill,Tình cảm
One Day,Tình cảm
One Step Away,Tình cảm
O Kadhal Kanmani,Tình cảm
Otoko no IsshÅ,Tình cảm
The Palm Beach Story,Tình cảm
Paper Towns,Tình cảm
Parineeta,Tình cảm
Pearl Harbor,Tình cảm
The Phantom of the Opera,Tình cảm
Pompeii,Tình cảm
Pride and Prejudice,Tình cảm
The Princess Diaries,Tình cảm
The Proposal,Tình cảm
P.S. I Love You,Tình cảm
Punch-Drunk Love,Tình cảm
The Queens,Tình cảm
The Reader,Tình cảm
Relationship Dilemma,Tình cảm
Reds,Tình cảm
Remember Me,Tình cảm
Roja,Tình cảm
Romeo + Juliet,Tình cảm
Romeo and Juliet,Tình cảm
The Room,Tình cảm
Safe Haven,Tình cảm
Say Anything,Tình cảm
(Sex) Appeal,Tình cảm
Scott Pilgrim vs. The World,Tình cảm
Sex Life of Plants,Tình cảm
Shakespeare in Love,Tình cảm
Singin' in the Rain,Tình cảm
Sleepless in Seattle,Tình cảm
Shelter,Tình cảm
Slumdog Millionaire,Tình cảm
Something Borrowed,Tình cảm
Something's Gotta Give,Tình cảm
Somewhere in Time,Tình cảm
The Song of the Blood-Red Flower,Tình cảm
Sophie's Choice,Tình cảm
Sorry,Tình cảm
South of the Clouds,Tình cảm
Spicy Hot in Love,Tình cảm
Splash,Tình cảm
Spring,Tình cảm
Sundays at Tiffany's,Tình cảm
Sunrise: A Song of Two Humans,Tình cảm
Swiss Army Man,Tình cảm
The Shape of Water,Tình cảm
The Twilight Saga,Tình cảm
Titanic,Tình cảm
Tristan & Isolde,Tình cảm
The Vow,Tình cảm
A Walk to Remember,Tình cảm
Warm Bodies,Tình cảm
Water for Elephants,Tình cảm
When Harry Met Sally...,Tình cảm
Where the Heart Is,Tình cảm
Who Moved My Dream,Tình cảm
Wimbledon,Tình cảm
Working Girl,Tình cảm
World of Delight,Tình cảm
While You Were Sleeping,Tình cảm
Written on the Wind,Tình cảm
You Are My Sunshine,Tình cảm
You've Got Mail,Tình cảm
Zama Arman,Tình cảm
1 Night in San Diego,Hài hước
3 Monkeys,Hài hước
23 Walks,Hài hước
Airplane Mode,Hài hước
Bad Boys for Life,Hài hước
Bad Trip,Hài hước
Berlin, Berlin,Hài hước
Bheeshma,Hài hước
Bill & Ted Face the Music,Hài hước
Birds of Prey,Hài hước
Blithe Spirit,Hài hước
Borat Subsequent Moviefilm,Hài hước
Chick Fight,Hài hước
Coastal Elites,Hài hước
Cocktail,Hài hước
Coffee & Kareem,Hài hước
Coolie No. 1,Hài hước
Crazy Awesome Teachers,Hài hước
Curveball,Hài hước
Downhill,Hài hước
Emma,Hài hước
Enter the Fat Dragon,Hài hước
Feel the Beat,Hài hước
Friend of the World,Hài hước
Guns Akimbo,Hài hước
Hubie Halloween,Hài hước
Impractical Jokers: The Movie,Hài hước
Like a Boss,Hài hước
Magic Camp,Hài hước
Mighty Oak,Hài hước
My Spy,Hài hước
Naan Sirithal,Hài hước
Ok, It's Fineâ€¦,Hài hước
On the Rocks,Hài hước
Over the Moon,Hài hước
Palm Springs,Hài hước
Players,Hài hước
Reboot Camp,Hài hước
Sarileru Neekevvaru,Hài hước
Seriously Single,Hài hước
She Dies Tomorrow,Hài hước
Sonic the Hedgehog,Hài hước
Soul,Hài hước
Spenser Confidential,Hài hước
Superintelligence,Hài hước
The Croods: A New Age,Hài hước
The Gentlemen,Hài hước
The King of Staten Island,Hài hước
The Kissing Booth 2,Hài hước
The Lovebirds,Hài hước
The Players,Hài hước
The Princess Switch: Switched Again,Hài hước
The Prom,Hài hước
The Sleepover,Hài hước
The Thing About Harry,Hài hước
The Wrong Missy,Hài hước
Timmy Failure: Mistakes Were Made,Hài hước
To All the Boys: P.S. I Still Love You,Hài hước
Tolo Tolo,Hài hước
Trolls: World Tour,Hài hước
Valley Girl,Hài hước
Work It,Hài hước
14 Phere,Hài hước
Aaraattu,Hài hước
Barb and Star Go to Vista Del Mar,Hài hước
Bhool Bhulaiyaa 2,Hài hước
Big Red Envelope,Hài hước
Breaking News in Yuba County,Hài hước
Clifford the Big Red Dog,Hài hước
Coming 2 America,Hài hước
Don't Look Up,Hài hước
Flora & Ulysses,Hài hước
Free Guy,Hài hước
Ghostbusters: Afterlife,Hài hước
He's All That,Hài hước
Hi, Mom,Hài hước
Locked Down,Hài hước
Peter Rabbit 2: The Runaway,Hài hước
Princess DayaReese,Hài hước
Rang De,Hài hước
Red Notice,Hài hước
Rumble,Hài hước
Sing 2,Hài hước
South Park: Post Covid,Hài hước
South Park: Post COVID: The Return of COVID,Hài hước
Space Jam: A New Legacy,Hài hước
The Addams Family 2,Hài hước
The Boss Baby: Family Business,Hài hước
The Hitman's Wife's Bodyguard,Hài hước
The King's Man,Hài hước
The Kissing Booth 3,Hài hước
The Last Mercenary,Hài hước
The Last Warrior: Root of Evil,Hài hước
The Last Warrior 3,Hài hước
The Princess Switch 3,Hài hước
Red Rocket,Hài hước
The Starling,Hài hước
Thunder Force,Hài hước
To All the Boys: Always and Forever, Lara Jean,Hài hước
Tom and Jerry,Hài hước
Yes Day,Hài hước
Werewolves Within,Hài hước
Zombie Reddy,Hài hước
13: The Musical,Hài hước
A Man Called Otto,Hài hước
About Fate,Hài hước
Amsterdam,Hài hước
Another Me,Hài hước
Anything's Possible,Hài hước
Beavis and Butt-Head Do the Universe,Hài hước
Bhediya,Hài hước
Bob's Burgers: The Movie,Hài hước
Bros,Hài hước
Cheaper by the Dozen,Hài hước
Chip 'n Dale: Rescue Rangers,Hài hước
DC League of Super-Pets,Hài hước
Disenchanted,Hài hước
Do Revenge,Hài hước
Dog,Hài hước
Easter Sunday,Hài hước
Everything Everywhere All at Once,Hài hước
Hocus Pocus 2,Hài hước
Hotel Transylvania: Transformania,Hài hước
Jackass Forever,Hài hước
KillRoy Was Here,Hài hước
Kung Fu Ghost,Hài hước
Laal Singh Chaddha,Hài hước
Luck,Hài hước
Marry Me,Hài hước
Minions: The Rise of Gru,Hài hước
My Best Friend's Exorcism,Hài hước
Paws of Fury: The Legend of Hank,Hài hước
Puss in Boots: The Last Wish,Hài hước
Rosaline,Hài hước
Secret Headquarters,Hài hước
Sneakerella,Hài hước
Sonic the Hedgehog 2,Hài hước
South Park: The Streaming Wars,Hài hước
South Park: The Streaming Wars Part 2,Hài hước
Tall Girl 2,Hài hước
The Bad Guys,Hài hước
The Man from Toronto,Hài hước
The Out-Laws,Hài hước
The Valet,Hài hước
Thor: Love and Thunder,Hài hước
Ticket to Paradise,Hài hước
Too Cool to Kill,Hài hước
Tower of Strength,Hài hước
Wendell & Wild,Hài hước
White Noise,Hài hước
Ant-Man and the Wasp: Quantumania,Hài hước
Are You There God? It's Me, Margaret.,Hài hước
Beau Is Afraid,Hài hước
Bottoms,Hài hước
Dungeons & Dragons: Honor Among Thieves,Hài hước
Five Hundred Miles,Hài hước
Ghostbusters: Afterlife 2,Hài hước
Guardians of the Galaxy Vol. 3,Hài hước
Migration,Hài hước
Next Goal Wins,Hài hước
No Hard Feelings,Hài hước
Red One,Hài hước
Renfield,Hài hước
Shazam! Fury of the Gods,Hài hước
Shotgun Wedding,Hài hước
Spider-Man: Across the Spider-Verse,Hài hước
Strays,Hài hước
Teenage Mutant Ninja Turtles: Mutant Mayhem,Hài hước
The Palace,Hài hước
The Super Mario Bros. Movie,Hài hước
Trolls Band Together,Hài hước
Deadpool 3,Hài hước
Despicable Me 4,Hài hước
Garfield,Hài hước
If,Hài hước
Kung Fu Panda 4,Hài hước
Sonic the Hedgehog 3,Hài hước
Spider-Man: Beyond the Spider-Verse,Hài hước
The Cat in the Hat,Hài hước
Wicked,Hài hước
Wicked: Part 2,Hài hước
Thing One and Thing Two,Hài hước
Oh, the Places You'll Go!,Hài hước
